id,text,category,source
doc_0,"In FY2018, 3M continued to invest in strategic growth initiatives, with capital expenditures typically reflecting the company’s commitment to innovation and operational efficiency. Overall trends in the industrial sector indicated a focus on modernization and digital transformation, with many companies increasing their capital investments to enhance productivity and sustainability. Analysts observed that capital expenditure in the manufacturing industry was expected to rise as companies sought to capitalize on advancements in technology and address evolving market demands.",Alternative_Context,AVI_Approved_Talking_Points_3M
doc_1,"3M has a diverse portfolio that includes a significant focus on innovation in materials science and manufacturing. In fiscal year 2018, the company's overall capital expenditures were invested in expanding its production capacity and enhancing its technological capabilities, reflecting broader industry trends towards automation and sustainability. Industry analysis indicates that firms with strong investments in property, plant, and equipment typically experience improved operational efficiency and competitive advantages in their market segments.",Alternative_Context,AVI_Approved_Talking_Points_3M
doc_2,"3M operates in a diverse range of industries, including healthcare, consumer products, and industrial solutions, where capital intensity can vary significantly. Generally, companies in these sectors are focusing on optimizing their capital expenditures and asset utilization to drive efficiency and enhance profitability. Industry trends indicate a growing emphasis on sustainability and innovation, prompting firms to invest strategically in technologies that improve operational efficiencies while minimizing capital intensity.",Alternative_Context,AVI_Approved_Talking_Points_3M
doc_3,"In FY2022, the manufacturing sector faced challenges such as supply chain disruptions and rising raw material costs, which impacted many companies' profitability. Additionally, the specialty materials industry has been navigating heightened regulatory scrutiny and increased focus on sustainability practices. Comparatively, businesses like 3M often evaluate various financial metrics, including EBITDA and net profit margin, to gain a comprehensive understanding of their operational efficiency and financial health amidst these evolving industry dynamics.",Alternative_Context,AVI_Approved_Talking_Points_3M
doc_4,"""In 2022, the consumer market faced several challenges, including shifting consumer preferences and rising inflation, which have impacted overall growth across multiple sectors. Industry reports indicate that many companies experienced similar trends, highlighting the importance of adapting to changing market dynamics. Additionally, the overall performance of the industrial and healthcare segments has shown resilience, suggesting that diversification remains a key strategy for companies navigating economic uncertainties.""",Alternative_Context,AVI_Approved_Talking_Points_3M
doc_5,"""Liquidity ratios, including the quick ratio, are key indicators of a company's short-term financial health and ability to meet its obligations. In the broader industrial sector, many companies are focusing on maintaining strong liquidity profiles amid economic uncertainties, with average quick ratios typically hovering around 1.0, which is seen as a benchmark for financial stability. Analysts are observing that firms with robust liquidity positions tend to navigate market fluctuations more effectively.""",Alternative_Context,AVI_Approved_Talking_Points_3M
doc_6,"As of Q2 2023, the debt securities market has shown increased activity, with many companies exploring various financing options in response to evolving economic conditions. Industry trends indicate that corporations are strategically managing their capital structures, often adjusting their debt profiles to optimize interest rates and maturities. Analysts suggest that a well-diversified debt portfolio can enhance a company's financial stability as market conditions fluctuate.",Alternative_Context,AVI_Approved_Talking_Points_3M
doc_7,"3M operates within a robust industrial sector that has generally maintained steady dividend policies among leading companies. Many firms in this space are increasingly prioritizing shareholder returns, often focusing on long-term sustainability and growth in dividend payments, reflecting a commitment to rewarding investors. Analysts frequently highlight the importance of consistent cash flow and strong operational performance as critical factors for companies aiming to uphold or increase their dividend distributions.",Alternative_Context,AVI_Approved_Talking_Points_3M
doc_8,"Activision Blizzard operates in a highly competitive gaming industry, where fixed asset turnover ratios can vary widely based on company strategy and asset utilization. In recent years, the gaming sector has seen increased investment in digital distribution and cloud gaming technologies, which can influence asset management and revenue generation. Industry benchmarks indicate that top gaming companies typically aim for efficient asset turnover to maximize returns, especially as they adapt to evolving consumer preferences and digital trends.",Alternative_Context,AVI_Approved_Talking_Points_Activision Blizzard
doc_9,"""Activision Blizzard operates in a dynamic gaming industry where capital expenditures are often influenced by trends in game development, digital distribution, and technology investments. Industry reports indicate that major gaming companies typically allocate a portion of their revenue to enhance infrastructure, expand game libraries, and invest in emerging technologies like virtual reality. In recent years, the overall trend for capital expenditures as a percentage of revenue in the gaming sector has seen variations, reflecting the competitive landscape and evolving consumer preferences.""",Alternative_Context,AVI_Approved_Talking_Points_Activision Blizzard
doc_10,"In fiscal year 2015, the technology sector, particularly software companies like Adobe, experienced a robust growth trajectory driven by increasing demand for cloud-based solutions and services. Operating cash flow ratios typically reflect a company's ability to cover short-term liabilities with cash generated from operational activities, which is crucial for maintaining financial health in a competitive market. Analysts often look at trends in operating cash flow to assess a company's liquidity and operational efficiency, especially in a landscape where subscription models are becoming prevalent.",Alternative_Context,AVI_Approved_Talking_Points_Adobe
doc_11,"""Adobe has demonstrated significant growth in its operating income over the past several years, largely driven by the transition to subscription-based services and increased demand for its Creative Cloud offerings. The software industry, particularly in areas like digital media and marketing solutions, has seen robust year-over-year growth, with companies increasingly investing in cloud-based solutions to enhance productivity and collaboration. Analysts project that the global software market will continue to expand as businesses adapt to evolving technological demands and consumer behaviors.""",Alternative_Context,AVI_Approved_Talking_Points_Adobe
doc_12,"In FY2017, the software industry as a whole experienced a shift towards subscription-based revenue models, driving increased operating cash flows for many companies. Adobe, known for its creative and marketing solutions, benefited from this trend, showcasing strong performance in recurring revenue streams. Additionally, industry benchmarks indicate that an operating cash flow ratio above 0.5 is generally considered healthy, reflecting a firm's ability to cover its current liabilities with cash generated from operations.",Alternative_Context,AVI_Approved_Talking_Points_Adobe
doc_13,"Adobe operates in a competitive software industry where operating margins can be influenced by various factors, including product innovation, market demand, and economic conditions. Generally, software companies like Adobe focus on recurring revenue models, such as subscriptions, which can provide more stability and predictability in financial performance. Industry trends indicate that software companies are prioritizing cloud-based solutions, which continue to drive growth and impact overall profitability metrics.",Alternative_Context,AVI_Approved_Talking_Points_Adobe
doc_14,"""Adobe continues to be a leader in the software industry, demonstrating strong performance driven by increasing demand for digital media and marketing solutions. Industry trends indicate a growing emphasis on software-as-a-service (SaaS) models, which typically enhance cash flow stability and predictability. In the broader context, companies in the technology sector are increasingly focusing on optimizing their free cash flow conversion as a key metric for financial health and operational efficiency.""",Alternative_Context,AVI_Approved_Talking_Points_Adobe
doc_15,"In 2022, the utility sector, including companies like AES Corporation, faced various challenges that impacted operational costs and financial performance. Industry-wide trends indicate a growing focus on efficiency and cost management due to fluctuating energy prices and regulatory changes. Analysts project that companies engaged in restructuring efforts often emphasize innovation and sustainability, which can lead to long-term benefits despite short-term costs.",Alternative_Context,AVI_Approved_Talking_Points_AES Corporation
doc_16,"""In FY 2022, the energy sector experienced a notable shift towards improved inventory management practices, driven by advancements in technology and data analytics. Companies like AES Corporation are increasingly focusing on optimizing supply chain efficiency, which has become crucial for maintaining competitiveness in a market characterized by fluctuating demand and supply chain disruptions. Generally, a healthy inventory turnover ratio in the utility industry suggests effective inventory management and responsiveness to market needs, which is integral in ensuring operational efficiency.""",Alternative_Context,AVI_Approved_Talking_Points_AES Corporation
doc_17,"""In 2022, the utility sector experienced notable shifts as companies navigated challenges related to energy transition and regulatory changes. Industry benchmarks indicate that companies focused on enhancing operational efficiencies have seen improved profitability metrics. As organizations prioritize sustainable practices, the integration of renewable energy sources is becoming increasingly vital, influencing overall financial performance and asset management strategies.""",Alternative_Context,AVI_Approved_Talking_Points_AES Corporation
doc_18,"In the retail sector, days payable outstanding (DPO) is an important metric that indicates how efficiently a company manages its payables and cash flow. As of FY2017, many companies in the e-commerce industry experienced trends of optimizing their supply chain and payment structures, which ultimately enhanced their liquidity positions. Analysts often look at average DPO figures across the industry to gauge operational efficiency, and companies like Amazon typically focus on balancing supplier relationships while maintaining competitive terms to support growth.",Alternative_Context,AVI_Approved_Talking_Points_Amazon
doc_19,"Amazon has consistently demonstrated strong revenue growth in recent years, driven by its expanding e-commerce operations and cloud computing services. In the broader retail and tech landscape, many companies experienced significant transformations due to shifts in consumer behavior and digital acceleration, with overall industry growth rates reflecting increased online shopping trends. Analysts continue to monitor Amazon's strategic investments and market positioning as key indicators of its future financial performance.",Alternative_Context,AVI_Approved_Talking_Points_Amazon
doc_20,"In FY2019, Amazon experienced significant growth, with total revenue surpassing $280 billion, reflecting a trend of increasing consumer demand for e-commerce and cloud services. The retail sector, particularly online sales, saw robust expansion as more consumers shifted to digital shopping, and Amazon's investment in logistics and technology played a crucial role in enhancing delivery capabilities. Furthermore, the company's diverse business model, which includes Amazon Web Services, contributed to overall revenue resilience amid competitive pressures in the market.",Alternative_Context,AVI_Approved_Talking_Points_Amazon
doc_21,"Amcor operates within the packaging industry, which is expected to see continued growth driven by increasing demand for sustainable and innovative packaging solutions. According to recent market reports, the global flexible packaging market is projected to reach over $300 billion by 2024, reflecting a compound annual growth rate of around 4%. Companies like Amcor are focusing on enhancing their supply chain efficiencies and adapting to changes in consumer preferences, which can positively influence their accounts receivable dynamics in the longer term.",Alternative_Context,AVI_Approved_Talking_Points_Amcor
doc_22,"Amcor operates within a dynamic packaging industry that is increasingly focused on sustainability and innovative materials. As companies adapt to changing consumer preferences and regulatory requirements, trends such as the use of recyclable materials and investments in advanced manufacturing technologies are gaining prominence. Additionally, the global flexible packaging market is projected to grow, driven by the rising demand for convenience and durable packaging solutions across various sectors.",Alternative_Context,AVI_Approved_Talking_Points_Amcor
doc_23,"Amcor operates in the packaging industry, which has shown resilience and adaptability amid changing market dynamics. The industry typically emphasizes liquidity and financial stability, with metrics such as the current ratio and operating cash flow gaining attention from analysts. As of recent reports, packaging demand remains strong, driven by e-commerce and sustainable packaging trends, positioning companies like Amcor favorably for future growth.",Alternative_Context,AVI_Approved_Talking_Points_Amcor
doc_24,"Amcor operates in a dynamic packaging industry, which is currently experiencing significant innovation driven by sustainability and technological advancements. The global flexible packaging market is projected to grow, with increasing demand for eco-friendly packaging solutions and automation technologies. Analysts highlight that strategic acquisitions in this sector can enhance operational capabilities and broaden market reach, aligning with industry trends focused on efficiency and sustainability.",Alternative_Context,AVI_Approved_Talking_Points_Amcor
doc_25,"Amcor operates within the packaging sector, which is experiencing significant trends towards sustainability and innovative materials. The global packaging market is projected to grow due to increasing consumer demand for eco-friendly packaging solutions, with many companies actively investing in sustainable practices. Market analysts highlight that advancements in technology and design are also playing a crucial role in enhancing packaging functionality and efficiency across various industries.",Alternative_Context,AVI_Approved_Talking_Points_Amcor
doc_26,"Amcor operates in the packaging industry, which has seen varied trends in gross margins due to factors such as raw material costs and supply chain dynamics. Industry analysts highlight that many packaging companies are focusing on sustainability initiatives, which can lead to changes in cost structures and profitability. Additionally, broader economic conditions and shifts in consumer demand are influencing financial performance across the sector, making it essential for stakeholders to consider multiple metrics beyond gross margin when evaluating company health.",Alternative_Context,AVI_Approved_Talking_Points_Amcor
doc_27,"As of Q2 FY2023, many companies in the packaging industry are navigating significant transformational changes to enhance operational efficiency and adapt to market demands. Industry-wide, restructuring efforts often focus on optimizing cost structures and aligning workforce strategies with long-term business objectives. Analysts highlight that such initiatives can be pivotal in sustaining competitiveness, particularly in response to evolving regulatory landscapes and economic conditions.",Alternative_Context,AVI_Approved_Talking_Points_Amcor
doc_28,"Amcor operates within a dynamic packaging industry that is experiencing significant growth driven by sustainability trends and increasing demand for eco-friendly packaging solutions. In FY 2023, the global flexible packaging market was projected to grow at a compound annual growth rate (CAGR) of around 4.5%, reflecting a shift towards lightweight and sustainable materials. Furthermore, Amcor's ongoing initiatives to enhance operational efficiency and expand its product offerings position the company well to adapt to evolving market demands and regulatory landscapes.",Alternative_Context,AVI_Approved_Talking_Points_Amcor
doc_29,"In the packaging industry, many companies have been experiencing fluctuations due to various market dynamics, including supply chain challenges and changing consumer preferences. Analysts forecast that the overall packaging market will grow steadily, driven by increased demand for sustainable and innovative packaging solutions. Companies focusing on operational efficiency and cost management are likely to navigate these trends successfully, positioning themselves for future growth opportunities.",Alternative_Context,AVI_Approved_Talking_Points_Amcor
doc_30,"""In the semiconductor industry, depreciation and amortization (D&A) typically reflect the significant investments made in manufacturing facilities and technology. For FY2015, many companies in this sector reported D&A as a percentage of revenue generally falling within a range of 4% to 8%, influenced by capital expenditures and asset lifecycle management. Analysts have observed that efficient asset utilization and innovation in production processes are critical in managing D&A and enhancing overall financial performance.""",Alternative_Context,AVI_Approved_Talking_Points_AMD
doc_31,"""Liquidity metrics like the quick ratio are essential indicators of a company's short-term financial health, particularly within the semiconductor industry, which often experiences cyclical demand. In FY22, many companies in this sector reported varying liquidity positions influenced by supply chain dynamics and market conditions. It is also noteworthy that a quick ratio above 1 is generally viewed as favorable, indicating that a company can cover its current liabilities with its most liquid assets.""",Alternative_Context,AVI_Approved_Talking_Points_AMD
doc_32,"AMD continues to play a significant role in the semiconductor industry, particularly as the demand for high-performance computing and advanced graphics solutions grows. Trends indicate a strong market shift towards data center optimization and the integration of artificial intelligence into processing tasks, which is driving innovation across the industry. Additionally, AMD has been focusing on expanding its partnerships and enhancing its product offerings to compete effectively in key segments, reflecting broader competitive dynamics in the technology landscape.",Alternative_Context,AVI_Approved_Talking_Points_AMD
doc_33,"""In 2022, the semiconductor industry experienced significant growth driven by increased demand for cloud computing and data center solutions. Market analysts project that the ongoing transition to advanced technologies, such as artificial intelligence and machine learning, will continue to influence revenue dynamics in the sector. Additionally, the integration of innovative products and expansion into new markets are key strategies companies are leveraging to enhance their competitive position.""",Alternative_Context,AVI_Approved_Talking_Points_AMD
doc_34,"In the semiconductor industry, operating margins can be influenced by a variety of factors, including fluctuations in demand, production costs, and strategic acquisitions. Companies like AMD have been actively expanding their product portfolios and investing in new technologies to enhance competitiveness, which can impact financial metrics over time. Additionally, the broader industry trend toward increased demand for high-performance computing and AI applications is likely to influence overall profitability and operational efficiency in the coming quarters.",Alternative_Context,AVI_Approved_Talking_Points_AMD
doc_35,"""In the semiconductor industry, companies like AMD have been experiencing shifts in cash flow dynamics due to evolving market demands and technology advancements. As the industry increasingly focuses on operational efficiency and innovation, trends indicate a greater emphasis on optimizing operational cash flows while managing investments in research and development. Overall, semiconductor firms are navigating a complex landscape, with many prioritizing sustainable growth and responsiveness to market opportunities.""",Alternative_Context,AVI_Approved_Talking_Points_AMD
doc_36,"""The overall semiconductor industry has seen significant growth, particularly in the data center segment, driven by increasing demand for cloud computing and AI applications. Analysts predict that investments in infrastructure and advancements in technology will continue to bolster sales across various sectors. As companies adapt to evolving market needs, monitoring performance metrics in the data center area will be crucial for understanding future trends.""",Alternative_Context,AVI_Approved_Talking_Points_AMD
doc_37,"AMD continues to demonstrate strong growth within the semiconductor industry, which has seen an increased demand for high-performance computing and gaming solutions. As companies focus on diversifying their customer base to mitigate risks associated with customer concentration, industry trends indicate that many leading firms are adopting strategies to balance their revenue across multiple segments. Additionally, analysts highlight the importance of customer diversification in maintaining stable revenues, especially in a rapidly evolving technological landscape.",Alternative_Context,AVI_Approved_Talking_Points_AMD
doc_38,"""In recent years, the debt securities market has seen evolving trends, with issuers increasingly focusing on sustainability and ESG (Environmental, Social, and Governance) factors as part of their funding strategies. According to industry reports, the total volume of corporate debt issuance reached approximately $10 trillion in 2022, driven by low interest rates and a strong demand for investment-grade securities. Investors are particularly attentive to companies' credit ratings and regulatory compliance as they navigate this dynamic landscape.""",Alternative_Context,AVI_Approved_Talking_Points_American Express
doc_39,"American Express has a strong presence in the global payments industry, which has been experiencing significant growth driven by the increasing digitalization of financial services. As of 2022, the overall market for digital payments was projected to exceed $10 trillion, with trends indicating a shift towards contactless transactions and mobile payment solutions. Additionally, American Express has been focusing on enhancing customer experiences through rewards programs and partnerships, which are key differentiators in a competitive landscape.",Alternative_Context,AVI_Approved_Talking_Points_American Express
doc_40,"American Express operates within the highly competitive financial services industry, where metrics such as revenue growth, customer acquisition, and market share often provide more insight into performance than traditional operating margins. In 2022, the company reported strong growth in its card member spending and a notable increase in the number of new accounts, reflecting the overall trend of increasing consumer confidence and spending in the post-pandemic recovery phase. Additionally, many financial institutions are focusing on enhancing digital services and customer engagement strategies to adapt to evolving market demands.",Alternative_Context,AVI_Approved_Talking_Points_American Express
doc_41,"American Express operates in the financial services sector, which has been experiencing shifts due to changing consumer spending patterns and evolving regulatory environments. In FY2022, the company reported strong growth in its travel and entertainment segments, reflecting a broader recovery in these industries as pandemic restrictions eased. Additionally, metrics such as net revenue and operating income can provide insights into the company's overall financial health and performance, even beyond gross margin considerations.",Alternative_Context,AVI_Approved_Talking_Points_American Express
doc_42,"American Express, like many financial institutions, operates within a dynamic regulatory environment that can impact tax compliance and reporting practices. In recent years, the broader financial services sector has seen varying effective tax rates influenced by changes in tax legislation and economic conditions. Additionally, companies in this industry are increasingly focusing on transparency and sustainability in their financial reporting, which may affect future tax strategies and overall corporate governance practices.",Alternative_Context,AVI_Approved_Talking_Points_American Express
doc_43,"In 2022, American Express experienced notable growth in its overall financial performance, with total revenues reflecting a strong demand for its services. The company's strategic focus on enhancing customer loyalty and expanding its digital offerings has positioned it well within the competitive landscape of the financial services industry. Analysts have pointed to a general trend of increasing customer engagement and satisfaction, which is essential for maintaining a robust balance sheet in the current economic environment.",Alternative_Context,AVI_Approved_Talking_Points_American Express
doc_44,"In 2022, the financial services industry experienced a competitive landscape, with customer retention becoming a key focus for many companies. Trends indicated that firms were increasingly investing in customer experience enhancements and loyalty programs to maintain card member engagement. Additionally, industry analysts highlighted the importance of compliance with evolving financial regulations, which significantly influence retention strategies and customer trust.",Alternative_Context,AVI_Approved_Talking_Points_American Express
doc_45,"American Water Works has been recognized for its commitment to providing reliable water and wastewater services, which has been increasingly important amid growing environmental concerns. In recent years, the water utility sector has seen steady growth, with many companies, including American Water Works, focusing on sustainable practices and infrastructure improvements. The overall trend in the industry highlights a strong emphasis on maintaining dividend policies as companies strive to balance investor returns with necessary capital expenditures for modernization and compliance.",Alternative_Context,AVI_Approved_Talking_Points_American Water Works
doc_46,"American Water Works has been experiencing steady growth in the water utility sector, driven by increased demand for sustainable water management solutions. Industry trends indicate a heightened focus on investments in infrastructure and technology to enhance operational efficiency and customer service. Additionally, the overall water utility market is expected to grow as municipalities and private providers seek to upgrade aging systems and comply with evolving regulatory standards.",Alternative_Context,AVI_Approved_Talking_Points_American Water Works
doc_47,"American Water Works operates in the regulated water and wastewater utility industry, which typically emphasizes long-term stability over short-term metrics like working capital. Industry trends indicate that many companies in this sector are focusing on capital investments to improve infrastructure and sustainability, often impacting liquidity. Additionally, analysts often assess companies' financial health through other metrics, such as cash flow from operations and debt-to-equity ratios, which provide a broader view of financial performance.",Alternative_Context,AVI_Approved_Talking_Points_American Water Works
doc_48,"""Best Buy has demonstrated resilience in the retail sector, with overall net profit margins generally trending upwards in recent years as the company adapts to changing consumer preferences and the competitive landscape. Industry trends indicate a growing emphasis on e-commerce and omnichannel strategies, which many retailers, including Best Buy, are leveraging to enhance profitability. Analysts are optimistic about the company's initiatives in improving operational efficiency and expanding its service offerings, which are expected to positively influence future financial performance.""",Alternative_Context,AVI_Approved_Talking_Points_Best Buy
doc_49,"""In 2019, the retail sector, including electronics, experienced a shift in consumer behavior, leading to increased competition and evolving inventory management practices. Best Buy, as a key player, focused on optimizing its supply chain and inventory levels to meet consumer demand efficiently. Industry reports indicated that effective inventory management strategies were crucial for retailers to enhance customer satisfaction and maintain profitability amid market changes.""",Alternative_Context,AVI_Approved_Talking_Points_Best Buy
doc_50,"Best Buy operates in a highly competitive retail environment, where industry trends indicate that consumer electronics sales can be influenced by seasonal demand and technological advancements. Overall, the retail sector has experienced fluctuations in gross margins due to factors such as supply chain disruptions and evolving consumer preferences, particularly towards online shopping. Industry benchmarks suggest that maintaining consistent margins can be challenging, and companies often adapt their pricing strategies in response to market conditions.",Alternative_Context,AVI_Approved_Talking_Points_Best Buy
doc_51,"In recent years, the retail industry has seen a significant focus on consolidations and acquisitions as companies seek to enhance their market position and expand product offerings. Industry trends indicate that retailers are increasingly investing in technology and e-commerce capabilities to improve customer experience and operational efficiency. Best Buy, like other major players, has been strategizing to adapt to these trends and leverage its existing strengths in the electronics market while also exploring partnerships to enhance its service portfolio.",Alternative_Context,AVI_Approved_Talking_Points_Best Buy
doc_52,"In FY2023, the retail sector, including companies like Best Buy, faced varied cash flow dynamics influenced by changing consumer behavior and economic conditions. Industry trends indicate that operational efficiency and cost management have become crucial for retailers, as many are focusing on optimizing their inventory and enhancing customer experience to drive sales. Additionally, ongoing shifts toward e-commerce and digital services have influenced cash flow patterns across the sector, with many companies investing in technology to improve their operational capabilities.",Alternative_Context,AVI_Approved_Talking_Points_Best Buy
doc_53,"In recent months, the retail industry has faced significant fluctuations in cash flow management, largely influenced by changing consumer spending patterns and economic conditions. Companies are increasingly focusing on optimizing their liquidity positions and enhancing financial disclosures to adapt to market dynamics. Analysts emphasize the importance of maintaining a healthy balance sheet during periods of uncertainty to support ongoing operations and strategic initiatives.",Alternative_Context,AVI_Approved_Talking_Points_Best Buy
doc_54,"The retail landscape has been undergoing significant transformations, with many companies reassessing their store footprints in response to changing consumer behaviors and economic factors. Best Buy, like several other retailers, is focusing on optimizing its physical presence while enhancing its e-commerce capabilities to adapt to market trends. Industry reports indicate that retailers are increasingly investing in technology and customer experience to remain competitive in a dynamic retail environment.",Alternative_Context,AVI_Approved_Talking_Points_Best Buy
doc_55,"The consumer electronics market has shown significant growth in various segments, especially driven by advancements in technology and changing consumer preferences. Gaming and entertainment categories are experiencing notable trends, with increased interest in gaming consoles and accessories, reflecting a broader industry push towards immersive experiences. Analysts anticipate that these segments will continue to thrive as new product launches and innovations occur, positively influencing overall revenue performance in the retail sector.",Alternative_Context,AVI_Approved_Talking_Points_Best Buy
doc_56,"Block, formerly known as Square, has been actively enhancing its financial health through a robust focus on current assets and liabilities management. In the broader fintech industry, companies are increasingly prioritizing liquidity metrics, as a strong working capital ratio is crucial for operational flexibility and growth. Recent trends indicate that many firms are adapting their strategies to optimize current asset utilization in response to evolving market conditions and regulatory environments.",Alternative_Context,AVI_Approved_Talking_Points_Block
doc_57,"Block has demonstrated significant growth in its financial performance over the past few years, driven by increased adoption of digital payments and a shift towards e-commerce solutions. In the broader financial technology sector, companies are experiencing increased transaction volumes and innovations in payment processing, which are contributing to overall revenue expansion. Analysts project continued growth in this space, fueled by ongoing trends in digital transformation and consumer behavior shifts towards cashless transactions.",Alternative_Context,AVI_Approved_Talking_Points_Block
doc_58,"""In FY2020, Block (formerly known as Square) experienced significant growth in its overall financial performance, driven by increased adoption of digital payments amid the COVID-19 pandemic. Industry trends indicated a heightened demand for contactless payment solutions, with many businesses pivoting to online and mobile transactions. Additionally, the financial technology sector saw considerable investment and innovation, positioning companies like Block favorably in a rapidly evolving marketplace.""",Alternative_Context,AVI_Approved_Talking_Points_Block
doc_59,"As of the end of FY2018, Boeing reported a total assets valuation exceeding $100 billion, reflective of its positioning as a leading aerospace manufacturer. The industry has seen significant capital investments in property, plant, and equipment, driven by demand for new aircraft and advancements in manufacturing technologies. Analysts project that the aerospace sector will continue to focus on enhancing operational efficiencies and expanding production capabilities in response to market trends and regulatory developments.",Alternative_Context,AVI_Approved_Talking_Points_Boeing
doc_60,"Boeing operates in a highly competitive aerospace sector, which has seen increased demand for both commercial and defense-related services. Industry projections indicate a growing trend towards modernization and sustainability in aviation, with many companies investing in advanced technologies and eco-friendly aircraft solutions. Additionally, the global defense spending is on the rise, highlighting an upward trajectory for defense contractors and related services, which is expected to influence future revenue opportunities for major players in the industry, including Boeing.",Alternative_Context,AVI_Approved_Talking_Points_Boeing
doc_61,"Boeing is currently navigating a complex legal landscape that reflects broader challenges in the aerospace industry, particularly concerning safety regulations and compliance. The aerospace sector has seen increased scrutiny and litigation related to aircraft safety, with companies focusing on enhancing transparency and governance practices. Analysts suggest that the outcomes of ongoing legal matters could influence investor confidence and regulatory frameworks within the industry.",Alternative_Context,AVI_Approved_Talking_Points_Boeing
doc_62,"Boeing, like many aerospace companies, operates in a highly cyclical industry influenced by global economic conditions and defense spending. As of FY2022, the industry has seen a gradual recovery from the impacts of the COVID-19 pandemic, with increased demand for commercial aircraft and a rebound in air travel. Analysts are optimistic about future margins as Boeing continues to focus on operational efficiency and cost management, which are critical for long-term profitability in the aerospace sector.",Alternative_Context,AVI_Approved_Talking_Points_Boeing
doc_63,"In FY2022, the aerospace and defense industry experienced significant shifts, with demand for commercial aircraft gradually recovering post-pandemic. Analysts observed that government contracts played a crucial role in driving revenue for major manufacturers, particularly in defense and space sectors. Furthermore, the global aviation market is expected to continue its growth trajectory, with an increasing focus on sustainability and innovation influencing customer purchasing decisions.",Alternative_Context,AVI_Approved_Talking_Points_Boeing
doc_64,"Boeing operates within the aerospace and defense sector, which is influenced by various economic factors, including global travel trends and government defense spending. Historically, the commercial aviation market experiences fluctuations based on factors such as passenger demand, economic cycles, and geopolitical events. Current industry forecasts indicate a gradual recovery trajectory for air travel post-pandemic, with a focus on sustainability and innovation shaping future demand.",Alternative_Context,AVI_Approved_Talking_Points_Boeing
doc_65,"Boeing continues to navigate a dynamic aviation market, with increasing demand for air travel driving interest in aircraft production. Industry experts highlight that the global commercial aviation sector is expected to see a gradual recovery, with many manufacturers focusing on enhancing production efficiency and sustainability measures. Additionally, the ongoing evolution of regulatory standards may shape operational practices and strategic planning across the aerospace industry.",Alternative_Context,AVI_Approved_Talking_Points_Boeing
doc_66,"In recent years, the aerospace industry has faced a range of tax compliance and regulatory challenges, impacting financial reporting and effective tax rates for major players. Analysts suggest that as companies navigate these complexities, many are implementing strategies to improve tax efficiencies in line with evolving regulations. Overall, the industry is seeing a shift towards enhanced transparency and accountability in tax practices, which may influence future financial outcomes.",Alternative_Context,AVI_Approved_Talking_Points_Boeing
doc_67,"Coca-Cola has demonstrated resilience in the beverage industry, which has been seeing a gradual shift towards healthier options and sustainability initiatives. In FY2017, the company focused on diversifying its product line and enhancing operational efficiencies, contributing to its competitive positioning. Industry trends indicate that companies with strong brand loyalty and innovative product offerings tend to perform well, even amidst changing consumer preferences.",Alternative_Context,AVI_Approved_Talking_Points_Coca-Cola
doc_68,"Coca-Cola has reported various metrics in recent financial disclosures, highlighting a focus on efficiency and cost management within its operations. The beverage industry generally experiences fluctuations in cost of goods sold due to factors like commodity prices and supply chain dynamics, which can impact overall margins. Additionally, many companies in the sector are increasingly investing in sustainable practices and packaging innovations, which may also influence their financial performance and cost structures moving forward.",Alternative_Context,AVI_Approved_Talking_Points_Coca-Cola
doc_69,"Coca-Cola has been recognized for its consistent dividend payments, which reflect the company's strong cash flow and commitment to returning value to shareholders. Recent industry trends indicate a focus on sustainable dividend policies, especially among beverage companies, as they navigate economic uncertainties and changing consumer preferences. Analysts suggest that maintaining a balanced approach to capital allocation, including dividends and reinvestment in growth initiatives, is crucial for long-term shareholder value.",Alternative_Context,AVI_Approved_Talking_Points_Coca-Cola
doc_70,"In the manufacturing sector, managing days payable outstanding (DPO) is crucial for optimizing cash flow and maintaining supplier relationships. Many companies are focusing on improving their working capital efficiency by employing strategies such as negotiating favorable payment terms and utilizing technology for better accounts payable management. Industry benchmarks often indicate that DPO can vary significantly, with averages ranging from 30 to 90 days, depending on the specific circumstances and market conditions.",Alternative_Context,AVI_Approved_Talking_Points_Corning
doc_71,"""Corning operates in a dynamic market characterized by increasing demand for specialty glass and advanced materials, driven by growth in electronics and telecommunications sectors. Industry trends indicate that companies in this space are focusing on enhancing operational efficiencies and innovation to maintain competitive margins. Furthermore, analysts are monitoring overall trends in operating income margins across the materials and technology sectors, which have shown variability based on market conditions and consumer demand during this period.""",Alternative_Context,AVI_Approved_Talking_Points_Corning
doc_72,"Corning operates within a dynamic industry landscape where effective tax rates can be influenced by various factors, including changes in tax legislation and corporate financial strategies. In recent years, many companies have faced increasing scrutiny regarding tax compliance and reporting practices, leading to a trend of heightened regulatory reviews. Analysts have observed that companies with diverse revenue streams, like Corning, often experience fluctuations in their effective tax rates as they navigate these complex financial environments.",Alternative_Context,AVI_Approved_Talking_Points_Corning
doc_73,"Corning operates in the technology and materials sectors, where companies typically focus on maintaining healthy liquidity to support ongoing innovation and operational flexibility. Across the industry, positive working capital is generally viewed as a favorable indicator of a company’s ability to meet short-term obligations and invest in growth opportunities. Trends suggest that firms with robust working capital management can better navigate market fluctuations and capitalize on emerging opportunities in advanced materials and technology solutions.",Alternative_Context,AVI_Approved_Talking_Points_Corning
doc_74,"As of FY2021, the retail sector, including companies like Costco, experienced significant growth driven by increased consumer spending and a shift towards e-commerce. Industry analysts highlighted that leading retailers showed resilience, with many investing in technology and infrastructure to enhance supply chain efficiency and customer experience. Additionally, trends in membership-based retail models have gained traction, indicating strong consumer loyalty and recurring revenue potential in the sector.",Alternative_Context,AVI_Approved_Talking_Points_Costco
doc_75,"In the retail pharmacy sector, asset turnover ratios can vary widely, but companies typically aim for efficient utilization of fixed assets to drive revenue growth. For FY2018, CVS Health experienced significant expansions in both its retail and pharmacy services segments, which may influence its overall asset management effectiveness. Generally, industry trends suggest a focus on digital transformation and operational efficiency as key drivers for improving asset utilization in the healthcare space.",Alternative_Context,AVI_Approved_Talking_Points_CVS Health
doc_76,"CVS Health operates within a complex healthcare environment, where capital intensity can vary significantly across different segments. The broader healthcare industry is experiencing trends toward increased investment in technology and infrastructure, particularly in areas like telehealth and data analytics. Additionally, many retail pharmacy companies are adapting to evolving consumer behaviors and regulatory changes, which can impact financial metrics and asset management strategies.",Alternative_Context,AVI_Approved_Talking_Points_CVS Health
doc_77,"CVS Health operates in a complex regulatory environment, particularly in relation to healthcare and pharmacy services. The pharmaceutical industry has seen a significant focus on pricing transparency and the role of pharmacy benefit managers (PBMs), as stakeholders continue to seek ways to address rising drug costs. Additionally, the ongoing national conversation around opioid distribution has prompted many healthcare companies to reassess their practices and compliance measures, influencing broader industry standards and regulatory frameworks.",Alternative_Context,AVI_Approved_Talking_Points_CVS Health
doc_78,"CVS Health has been actively engaging in strategic initiatives to enhance shareholder value through various financial maneuvers. The healthcare sector has shown a general trend of consistent dividend payments, reflecting stable cash flows from operations. Additionally, CVS's commitment to improving its financial health and compliance with evolving regulatory standards positions it favorably for potential future growth opportunities in the market.",Alternative_Context,AVI_Approved_Talking_Points_CVS Health
doc_79,"The retail industry continues to evolve, with many companies integrating both brick-and-mortar and e-commerce strategies to meet changing consumer preferences. Recent reports indicate that retailers are focusing on enhancing customer experiences through technology and personalized services, which are increasingly important for maintaining competitive advantage. Additionally, data on consumer spending trends in the retail sector shows a shift towards omnichannel shopping, highlighting the need for effective leadership in navigating these dynamics.",Alternative_Context,AVI_Approved_Talking_Points_Foot Locker
doc_80,"In recent years, there has been a noticeable trend in corporate governance where shareholder engagement and voting outcomes for board nominees have become increasingly scrutinized. Many companies are actively improving their transparency and accountability practices, which includes addressing opposition to board member nominations. Overall, the market is seeing a rise in the emphasis on diversity and experience among board candidates, as well as a push for enhanced shareholder rights and influence in corporate decision-making.",Alternative_Context,AVI_Approved_Talking_Points_Foot Locker
doc_81,"General Mills has shown a commitment to improving its operational efficiency, which can be reflected in metrics such as the cash conversion cycle. In recent years, many companies in the food industry have focused on optimizing inventory management and receivables processes to enhance cash flow. Additionally, industry trends suggest that effective supply chain management and strategic vendor partnerships play a crucial role in reducing costs and improving turnaround times, which can ultimately impact the cash conversion cycle positively.",Alternative_Context,AVI_Approved_Talking_Points_General Mills
doc_82,"In the food manufacturing sector, companies typically maintain a working capital ratio that reflects their operational efficiency and liquidity management. As of FY2020, the industry average working capital ratio for consumer packaged goods companies ranged from 0.75 to 1.25, indicating variability in how businesses manage their current assets and liabilities. Market trends suggest that effective inventory management and supply chain optimization are crucial for maintaining healthy working capital ratios in the face of fluctuating consumer demand.",Alternative_Context,AVI_Approved_Talking_Points_General Mills
doc_83,"General Mills has reported a solid cash flow performance in recent years, reflecting the company's strong operational efficiency and effective cost management strategies. In the food and beverage industry, companies are increasingly focusing on enhancing their cash flow metrics to support growth initiatives and shareholder returns. Analysts expect that the ongoing regulatory review will lead to improvements in cash flow reporting practices, which could ultimately benefit investor transparency and confidence.",Alternative_Context,AVI_Approved_Talking_Points_General Mills
doc_84,"General Mills operates within a competitive landscape in the food industry, where retention ratios can vary notably based on dividend policies and profitability. In FY2022, the company maintained a focus on shareholder returns while balancing reinvestment for growth, reflecting broader trends in the consumer staples sector where companies often prioritize steady dividends to attract investors. Additionally, analysts suggest observing the evolving dynamics in food pricing and market demand, which significantly influence overall financial metrics and company performance.",Alternative_Context,AVI_Approved_Talking_Points_General Mills
doc_85,"In 2022, the healthcare and pharmaceutical sectors experienced varying growth rates, influenced by factors such as ongoing supply chain challenges and evolving consumer demand. Overall, the industry has seen a trend towards innovation and investment in research and development, as companies adapt to changing regulatory landscapes and market conditions. Analysts are particularly focused on how companies are positioning themselves for long-term growth amidst these dynamics.",Alternative_Context,AVI_Approved_Talking_Points_Johnson & Johnson
doc_86,"Johnson & Johnson operates in a dynamic environment influenced by various factors, including global economic conditions and industry trends. In recent years, many companies in the healthcare sector have faced challenges such as inflationary pressures, supply chain disruptions, and shifts in consumer behavior, all of which can impact financial performance. Analysts often look at broader metrics like operating margin and net profit to assess a company's overall health, especially in industries where product lifecycle and regulatory factors play significant roles.",Alternative_Context,AVI_Approved_Talking_Points_Johnson & Johnson
doc_87,"Johnson & Johnson operates in a highly regulated environment, where inventory management strategies can vary significantly across different sectors, such as pharmaceuticals and consumer health products. Industry trends indicate that companies in these sectors often experience fluctuations in inventory turnover ratios due to factors like product lifecycle management and regulatory compliance requirements. Furthermore, effective inventory management is crucial for maintaining supply chain efficiency and meeting consumer demand, especially in light of recent supply chain disruptions impacting the broader healthcare industry.",Alternative_Context,AVI_Approved_Talking_Points_Johnson & Johnson
doc_88,"Johnson & Johnson continues to navigate a complex healthcare landscape, with industry analysts observing trends such as increased focus on innovation and regulatory challenges impacting financial projections. The broader pharmaceuticals sector has been experiencing varied growth rates due to factors like product pipeline developments and market dynamics. As companies prioritize strategic investments in research and development, overall adjusted earnings per share growth in the industry reflects a cautious outlook amidst regulatory scrutiny and evolving market conditions.",Alternative_Context,AVI_Approved_Talking_Points_Johnson & Johnson
doc_89,"In FY2022, the pharmaceutical industry experienced mixed growth trends, with many companies facing challenges related to supply chain disruptions and shifting consumer behaviors. The global healthcare market has been adapting to post-pandemic dynamics, which has influenced sales performance across various regions. Analysts have noted that domestic sales often reflect localized market conditions, while international sales can be affected by regulatory changes and currency fluctuations.",Alternative_Context,AVI_Approved_Talking_Points_Johnson & Johnson
doc_90,Johnson & Johnson's strategic realignment reflects broader industry trends toward specialization and innovation in healthcare. Many companies in the consumer health sector are adapting to changing consumer preferences and increased demand for health and wellness products. Analysts highlight that companies focusing on high-growth segments may enhance operational efficiency and maximize shareholder value during periods of transition.,Alternative_Context,AVI_Approved_Talking_Points_Johnson & Johnson
doc_91,"""Johnson & Johnson's strategic focus on separating its Consumer Health business segment aligns with broader industry trends where companies are increasingly looking to streamline operations and enhance shareholder value. The consumer health market has shown resilience, with projected growth driven by increased demand for health and wellness products. As JnJ continues to navigate this transition, industry observers will be looking for insights into how the separation will impact its overall portfolio and market positioning.""",Alternative_Context,AVI_Approved_Talking_Points_Johnson & Johnson
doc_92,"The separation of Kenvue marks a significant strategic shift for Johnson & Johnson, aligning with the broader trend of companies streamlining their operations to focus on core business segments. The consumer health market is experiencing a resurgence, with growth driven by increasing consumer demand for health and wellness products. Industry experts anticipate that the successful spin-off will allow both JnJ and Kenvue to pursue more targeted growth opportunities in their respective markets.",Alternative_Context,AVI_Approved_Talking_Points_Johnson & Johnson
doc_93,"""In the consumer health and pharmaceuticals sector, companies are increasingly focused on improving operational efficiency and cost management, which can positively affect profit margins. Analysts report that pharmaceutical companies, including leaders like Johnson & Johnson, have seen a trend toward higher profitability as they adapt to market conditions and invest in innovation. Additionally, net earnings as a percent of sales is an important metric for evaluating corporate performance, reflecting how effectively a company converts revenues into profits.""",Alternative_Context,AVI_Approved_Talking_Points_Johnson & Johnson
doc_94,"""In the financial services industry, many firms have experienced fluctuations in revenue across different business segments due to varying market conditions and economic factors. For instance, the corporate segment often reflects broader economic trends, such as interest rates and investment activity, which can significantly impact performance. Additionally, firms like JPMorgan typically focus on diversifying their revenue streams to mitigate risks and enhance overall financial stability.""",Alternative_Context,AVI_Approved_Talking_Points_JPMorgan
doc_95,"JPMorgan Chase operates within a highly regulated financial environment, and its financial performance is influenced by various market conditions and regulatory factors. As of recent reports, the banking sector has been experiencing fluctuations due to interest rate changes and shifts in consumer sentiment. Analysts highlight the importance of maintaining a balanced approach to asset management and shareholder value amid ongoing economic uncertainties, with large institutions like JPMorgan focusing on strategic growth and risk mitigation.",Alternative_Context,AVI_Approved_Talking_Points_JPMorgan
doc_96,"""Financial institutions like JPMorgan typically focus on metrics such as net interest margin, return on equity, and loan-to-deposit ratios, which are more relevant to their business models. In recent years, the banking sector has experienced fluctuations in interest rates, impacting profitability and lending practices. Market analysts have observed that banks are increasingly emphasizing efficiency and digital transformation to enhance their overall performance amid evolving regulatory landscapes.""",Alternative_Context,AVI_Approved_Talking_Points_JPMorgan
doc_97,"In the second quarter of 2022, the financial services industry experienced notable trends, with many firms focusing on enhancing their digital offerings and risk management strategies. Market analysts observed that investment banking activities and trading revenues generally saw fluctuations due to varying economic conditions and regulatory scrutiny. As a result, firms like JPMorgan Chase continued to prioritize compliance and operational efficiency, which are pivotal in navigating the evolving landscape of financial regulations.",Alternative_Context,AVI_Approved_Talking_Points_JPMorgan
doc_98,"In the financial services industry, Value at Risk (VaR) is a key metric used to assess potential losses in investment portfolios under normal market conditions. Generally, firms like JPMorgan assess their risk exposure regularly, influenced by market volatility, interest rates, and economic indicators. Industry analysts are currently observing trends of improved risk management practices across major banks, which align with regulatory expectations and enhance overall financial stability.",Alternative_Context,AVI_Approved_Talking_Points_JPMorgan
doc_99,"Kraft Heinz operates within a competitive food and beverage industry landscape, where inventory management is crucial for optimizing supply chain efficiency and profitability. Industry benchmarks indicate that leading companies often strive for inventory turnover ratios in the range of 5 to 8, reflecting effective inventory control practices. Additionally, trends show that companies are increasingly leveraging technology and data analytics to enhance inventory visibility and responsiveness to consumer demand fluctuations.",Alternative_Context,AVI_Approved_Talking_Points_Kraft Heinz
doc_100,"Lockheed Martin operates within a highly competitive defense and aerospace industry, where asset turnover ratios can vary significantly based on project timelines and capital expenditures. In FY2020, the defense sector witnessed an increase in government spending, contributing to overall revenue growth for companies in this domain. Additionally, industry benchmarks indicate that a typical asset turnover ratio for large defense contractors ranges between 0.5 to 1.5, reflecting the capital-intensive nature of the business.",Alternative_Context,AVI_Approved_Talking_Points_Lockheed Martin
doc_101,"Lockheed Martin operates within a highly competitive aerospace and defense sector, where effective management of working capital is crucial for maintaining liquidity and operational efficiency. In FY2021, the company experienced robust demand driven by increased defense spending and strategic investments in advanced technologies, aligning with industry trends that favor modernization and innovation. Analysts have noted that companies in this sector are increasingly focusing on optimizing their current assets and liabilities to enhance financial health and resilience in the face of evolving market dynamics.",Alternative_Context,AVI_Approved_Talking_Points_Lockheed Martin
doc_102,"Lockheed Martin has been navigating a complex landscape influenced by various factors, including government budget allocations and defense spending trends. The defense industry has experienced shifts in investment patterns, with increased focus on modernization and technology advancements, which can impact revenue growth trajectories. Overall, the sector is expected to see gradual growth as geopolitical dynamics and national security concerns drive demand for advanced defense solutions.",Alternative_Context,AVI_Approved_Talking_Points_Lockheed Martin
doc_103,"MGM Resorts operates in a highly competitive hospitality and entertainment industry, where managing accounts payable effectively is crucial for maintaining financial health and operational efficiency. As of recent reports, the hospitality sector has been experiencing a gradual recovery post-pandemic, with increased consumer spending and occupancy rates, which may influence financial metrics, including accounts payable. Analysts suggest that companies with strong cash flow management and strategic supplier relationships are better positioned to navigate industry fluctuations and capitalize on growth opportunities.",Alternative_Context,AVI_Approved_Talking_Points_MGM Resorts
doc_104,"MGM Resorts operates within a competitive landscape where capital expenditures are essential for maintaining and enhancing property offerings. Industry standards suggest that hospitality companies typically allocate a significant portion of their revenue towards capital investments to support growth and renovations, particularly in response to evolving consumer preferences. Overall, trends indicate that the gaming and hospitality sectors have been focusing on strategic investments to enhance guest experiences and drive long-term profitability.",Alternative_Context,AVI_Approved_Talking_Points_MGM Resorts
doc_105,"MGM Resorts, like many companies in the hospitality and entertainment industry, closely monitors market conditions and regulatory environments that can influence financial decisions. The broader trend in the gaming and hospitality sector has shown a cautious approach to dividend distributions, with many organizations prioritizing capital preservation and strategic investments in growth initiatives. Analysts anticipate that as the recovery from recent economic disruptions continues, companies will reassess their dividend policies in alignment with their financial health and market stability.",Alternative_Context,AVI_Approved_Talking_Points_MGM Resorts
doc_106,"MGM Resorts operates in a highly competitive landscape where regional performance can vary significantly based on market dynamics, tourism trends, and consumer spending patterns. Overall, the gaming and hospitality industry has seen a strong recovery post-pandemic, with increased visitor numbers and higher average daily rates driving revenue growth across many markets. Notably, Las Vegas continues to be a key destination, with trends indicating a robust demand for entertainment and leisure activities, which is vital for overall company performance.",Alternative_Context,AVI_Approved_Talking_Points_MGM Resorts
doc_107,"MGM Resorts operates in a highly competitive landscape within the gaming and hospitality industry, where interest coverage ratios are crucial indicators of financial health and stability. As companies navigate capital restructuring and financing strategies, many are focusing on strengthening their balance sheets to enhance liquidity and support growth initiatives. Industry trends show a growing emphasis on optimizing debt management and improving operational efficiencies to sustain profitability in fluctuating market conditions.",Alternative_Context,AVI_Approved_Talking_Points_MGM Resorts
doc_108,"MGM Resorts operates in a highly dynamic market, with various regions experiencing distinct trends influenced by factors such as tourism recovery and changing consumer preferences. The broader gaming industry saw a rebound in demand in FY2022, particularly in North America, as travel restrictions eased and consumer confidence improved. Analysts continue to monitor regional performance metrics closely, as they provide insights into potential growth areas and strategic adjustments for the future.",Alternative_Context,AVI_Approved_Talking_Points_MGM Resorts
doc_109,"In H1 FY2023, the investment landscape for corporate debt has shown notable trends, with many companies focusing on enhancing liquidity and optimizing their capital structures. The use of short-term investments, including corporate bonds, has been prevalent as organizations seek to navigate economic uncertainties and prepare for potential market fluctuations. Additionally, the overall corporate bond market has experienced increased activity, reflecting investor confidence in the stability of established companies within the hospitality and entertainment sectors.",Alternative_Context,AVI_Approved_Talking_Points_MGM Resorts
doc_110,"Microsoft has demonstrated a consistent focus on innovation and operational efficiency in recent years, contributing to its strong market position within the technology sector. In FY2016, the company reported overall revenue growth driven by its cloud services and software offerings, reflecting broader trends in digital transformation across industries. Analysts have noted that the tech industry, particularly software and cloud computing, is experiencing robust demand as businesses increasingly migrate to digital solutions.",Alternative_Context,AVI_Approved_Talking_Points_Microsoft
doc_111,"Microsoft continues to focus on strategic investments and operational efficiencies, which are crucial in a competitive technology landscape. As companies navigate fluctuating market conditions, trends indicate a general increase in tech firms exploring innovative financing strategies to support growth initiatives. Additionally, Microsoft's robust cash flow generation has been a key factor in maintaining financial flexibility for future projects and acquisitions.",Alternative_Context,AVI_Approved_Talking_Points_Microsoft
doc_112,"In the entertainment industry, EBITDA is a commonly used metric to assess operational performance, particularly for subscription-based services like streaming platforms. For FY2015, the broader media sector saw varied EBITDA margins, with many companies benefiting from increased subscriber growth and cost management strategies. Analysts often highlight the importance of understanding both operating income and depreciation & amortization when evaluating a company's financial health, as these elements can significantly impact the overall profitability metrics.",Alternative_Context,AVI_Approved_Talking_Points_Netflix
doc_113,"As of the end of FY2017, the entertainment streaming industry was experiencing significant growth, with a notable increase in subscriber numbers across major platforms. Analysts reported that companies like Netflix were investing heavily in original content, which was a key driver for attracting and retaining subscribers. Additionally, total liabilities are a critical metric for assessing a company’s financial health, often reflecting operational strategies and market positioning within the competitive landscape.",Alternative_Context,AVI_Approved_Talking_Points_Netflix
doc_114,"In the retail and apparel industry, cost of goods sold (COGS) as a percentage of revenue typically ranges from 50% to 60%, reflecting manufacturing, sourcing, and distribution efficiency. Companies like Nike often focus on optimizing supply chain strategies and leveraging technological advancements to enhance profitability. Recent trends show that brands are increasingly adopting sustainable practices, which can impact COGS and overall financial metrics in the long term.",Alternative_Context,AVI_Approved_Talking_Points_Nike
doc_115,"At the end of FY2019, the athletic apparel and footwear industry experienced a significant shift towards digital sales channels, with companies like Nike investing heavily in e-commerce capabilities. The overall trend showed a growing demand for sustainable products, influencing inventory management strategies across the sector. Industry analysts noted that current asset levels are often a key indicator of a company's short-term financial health, reflecting its ability to manage operational needs effectively.",Alternative_Context,AVI_Approved_Talking_Points_Nike
doc_116,"In the retail industry, inventory turnover ratios typically vary based on market dynamics, with average ratios ranging from 2 to 5 for companies in the apparel sector. A higher turnover ratio often indicates efficient inventory management, while also reflecting consumer demand trends. As of recent reports, many retailers are focusing on optimizing their supply chains to improve turnover rates in response to changing consumer preferences and economic conditions.",Alternative_Context,AVI_Approved_Talking_Points_Nike
doc_117,"In FY2023, companies in the athletic apparel and footwear industry have generally seen a heightened focus on cash flow management, driven by evolving consumer preferences and supply chain challenges. Industry reports indicate that many firms are prioritizing operational efficiency to enhance cash flow from core business activities, while capital expenditures in investing activities remain cautious as companies navigate market uncertainties. Overall, the sector is adapting to changes in consumer behavior and economic conditions, influencing financial strategies across the board.",Alternative_Context,AVI_Approved_Talking_Points_Nike
doc_118,"PayPal operates in a dynamic fintech landscape where working capital management is crucial for maintaining liquidity and supporting growth initiatives. As of the end of FY2022, many companies in the payment processing sector have been focusing on optimizing cash flow to navigate shifting consumer behaviors and economic conditions. Industry trends indicate that firms are increasingly investing in digital payment technologies to enhance transaction efficiency and capture greater market share.",Alternative_Context,AVI_Approved_Talking_Points_Paypal
doc_119,"PepsiCo has been investing strategically in its capital projects to enhance production capabilities and sustainability initiatives. The company's overall capital expenditure trends align with industry movements toward digitization and efficiency improvements, which are increasingly important in the consumer goods sector. Additionally, industry reports indicate a growing focus on sustainable packaging and supply chain optimization, which are likely to influence future capital allocation decisions across the sector.",Alternative_Context,AVI_Approved_Talking_Points_PepsiCo
doc_120,"PepsiCo continues to be a significant player in the global food and beverage industry, emphasizing innovation and sustainability in its operations. The company has been investing in expanding its product portfolio to meet changing consumer preferences, particularly in health-conscious snacks and beverages. Additionally, industry trends indicate an increasing focus on e-commerce and direct-to-consumer sales channels, reflecting the growing demand for convenience and accessibility among consumers worldwide.",Alternative_Context,AVI_Approved_Talking_Points_PepsiCo
doc_121,"PepsiCo has consistently demonstrated strong financial performance, with recent reports indicating an upward trend in sales driven by innovation in product offerings and adaptations to consumer preferences. The food and beverage industry has seen increased competition and evolving regulatory environments, prompting companies to enhance their risk management strategies. Analysts are closely monitoring how major players like PepsiCo navigate these dynamics while maintaining stakeholder confidence.",Alternative_Context,AVI_Approved_Talking_Points_PepsiCo
doc_122,"PepsiCo operates within a dynamic food and beverage industry that has seen significant changes in consumer preferences and supply chain challenges. In recent years, many companies have undertaken restructuring initiatives to streamline operations and adapt to market demands, often resulting in increased efficiencies and cost savings. Industry trends indicate that businesses are focusing on sustainability and innovation, which are becoming critical factors for success in maintaining competitive advantage.",Alternative_Context,AVI_Approved_Talking_Points_PepsiCo
doc_123,"PepsiCo has demonstrated resilience in its financial performance, driven by strong demand for its snack and beverage products amid changing consumer preferences. Industry analysts have noted that the company benefits from a robust portfolio and effective cost management strategies, which have contributed to stable profit margins. Additionally, the broader food and beverage sector is experiencing shifts towards healthier options, which presents both challenges and opportunities for growth in product offerings.",Alternative_Context,AVI_Approved_Talking_Points_PepsiCo
doc_124,"PepsiCo has consistently demonstrated strong financial performance, with many industry analysts highlighting the company's robust profitability margins and effective cost management strategies. In FY2022, the beverage and snack sectors contributed significantly to overall revenue growth, reflecting trends in consumer preferences toward convenient and health-oriented products. Additionally, the food and beverage industry has been experiencing shifts due to supply chain dynamics and inflationary pressures, which companies like PepsiCo are navigating through innovation and strategic investments.",Alternative_Context,AVI_Approved_Talking_Points_PepsiCo
doc_125,"PepsiCo has been actively engaging with shareholders on sustainability matters, particularly in relation to net-zero emissions goals. The broader food and beverage industry is experiencing increasing pressure to enhance transparency around environmental practices, with many companies setting ambitious targets for carbon neutrality. Recent reports indicate a growing trend among major corporations to align their operational strategies with global climate initiatives, reflecting a shift towards more sustainable business models.",Alternative_Context,AVI_Approved_Talking_Points_PepsiCo
doc_126,"PepsiCo has been actively managing its capital structure in response to evolving market conditions and interest rates. The broader beverage and snack industry has seen increased competition and shifting consumer preferences, prompting companies to explore flexible financing options. Additionally, many corporations are currently taking advantage of favorable credit conditions to enhance liquidity and support growth initiatives, reflecting a strategic focus on financial resilience.",Alternative_Context,AVI_Approved_Talking_Points_PepsiCo
doc_127,"PepsiCo operates in a dynamic industry characterized by competitive pressures and evolving consumer preferences, which often necessitate strategic financial planning. As of 2023, the beverage and snack sectors are witnessing a trend toward increased investment in sustainability initiatives and product innovation, which may influence corporate financing decisions. Additionally, many companies are leveraging flexible credit arrangements to adapt to market conditions, reflecting a broader industry shift towards maintaining liquidity amid economic uncertainties.",Alternative_Context,AVI_Approved_Talking_Points_PepsiCo
doc_128,"PepsiCo operates within a competitive landscape characterized by evolving consumer preferences toward healthier and more sustainable products. The company has been actively investing in innovation and expanding its product portfolio, which aligns with industry trends showing increased demand for convenient and nutritious options. Additionally, the overall food and beverage sector has seen stable growth, driven by resilience in consumer spending despite economic fluctuations.",Alternative_Context,AVI_Approved_Talking_Points_PepsiCo
doc_129,"PepsiCo has been navigating a dynamic market landscape, with several industry trends influencing its overall performance. The company has reported that consumer demand for snacks and beverages remains strong, driven by ongoing shifts in consumer preferences towards convenience and health-conscious options. Additionally, analysts are closely monitoring the broader food and beverage sector, which is experiencing fluctuations in commodity prices and supply chain challenges, further impacting corporate guidance across the industry.",Alternative_Context,AVI_Approved_Talking_Points_PepsiCo
doc_130,"""Pfizer operates in a dynamic pharmaceutical market, where many companies are focusing on innovative therapies and vaccines to drive revenue growth. The overall biopharmaceutical sector has seen significant advancements, particularly during the pandemic, with many firms reporting robust performance due to increased demand for healthcare solutions. Market analysts predict continued investment in research and development, which is expected to influence financial metrics positively across the industry.""",Alternative_Context,AVI_Approved_Talking_Points_Pfizer
doc_131,"In 2019, the pharmaceutical industry experienced notable trends, including increased investment in research and development as companies focused on innovation in biologics and specialty drugs. Additionally, the global healthcare market saw a rise in mergers and acquisitions, driven by the need for companies to enhance their portfolios and streamline operations. These industry dynamics often lead to fluctuations in financial performance across various organizations, reflecting broader market conditions and strategic decisions.",Alternative_Context,AVI_Approved_Talking_Points_Pfizer
doc_132,"Pfizer continues to play a significant role in the pharmaceutical industry, focusing on advancements in biotechnology and innovative therapeutics. The company has been actively pursuing strategic acquisitions to enhance its portfolio, particularly in areas such as oncology and rare diseases, which are experiencing robust growth. Industry trends indicate that companies with a strong pipeline in biologics and precision medicine are attracting considerable investor interest, reflecting a broader shift towards targeted therapies in healthcare.",Alternative_Context,AVI_Approved_Talking_Points_Pfizer
doc_133,"Pfizer has been actively focusing on strategic initiatives to enhance its portfolio and optimize operational efficiencies, particularly through recent corporate restructuring efforts. The pharmaceutical industry has seen increased spin-off activity as companies seek to unlock shareholder value, with many firms evaluating their business segments to enhance focus on core operations. Market analysts anticipate that such transactions can lead to improved financial performance and more tailored business strategies in a rapidly evolving healthcare landscape.",Alternative_Context,AVI_Approved_Talking_Points_Pfizer
doc_134,"In Q2 2023, the pharmaceutical industry experienced varying revenue trends across different regions, influenced by factors such as market access, regulatory changes, and evolving healthcare demands. Analysts have noted that while developed markets continue to face challenges, emerging markets are displaying growth potential driven by increased healthcare investments and expanding access to medicines. Overall, the industry remains focused on adapting to shifting market dynamics and enhancing compliance with financial reporting standards.",Alternative_Context,AVI_Approved_Talking_Points_Pfizer
doc_135,"The biopharmaceutical industry is currently experiencing a trend toward strategic realignments, including mergers, acquisitions, and spin-offs as companies seek to enhance focus on core areas of expertise. As organizations assess their portfolios, performance metrics indicate a growing emphasis on innovation and efficiency, with many companies investing in emerging therapeutic areas. This shift is often driven by the need to streamline operations while adapting to evolving market dynamics and regulatory environments.",Alternative_Context,AVI_Approved_Talking_Points_Pfizer
doc_136,"As of FY2023, the corporate bond market has been showing increased investor interest, particularly in sectors demonstrating resilience amid economic fluctuations. Ulta Beauty's focus on consumer engagement and brand loyalty positions it favorably within the broader retail landscape, which is expected to continue evolving as companies adapt to changing consumer preferences and regulatory environments. Furthermore, current industry trends highlight a growing emphasis on sustainability in debt issuance, which may influence future financing strategies across retail sectors.",Alternative_Context,AVI_Approved_Talking_Points_Ulta Beauty
doc_137,"Ulta Beauty continues to experience robust growth, driven by trends in the beauty and personal care industry, which has seen significant consumer interest in both wellness and self-care products. The overall retail landscape indicates a strong recovery post-pandemic, with beauty brands increasingly focusing on sustainability and inclusivity to meet evolving consumer preferences. Additionally, Ulta's strategic partnerships and loyalty programs have played a pivotal role in enhancing customer engagement and driving sales.",Alternative_Context,AVI_Approved_Talking_Points_Ulta Beauty
doc_138,"In recent years, the retail industry has seen ongoing shifts in consumer behavior, with a growing emphasis on e-commerce and digital engagement. Many companies, including those in the beauty sector, are focusing on optimizing their cost structures to remain competitive, which often involves strategic adjustments in marketing and operational expenses. Industry reports indicate that companies that effectively leverage technology and data analytics are better positioned to enhance profitability while adapting to changing market dynamics.",Alternative_Context,AVI_Approved_Talking_Points_Ulta Beauty
doc_139,"Ulta Beauty has been actively expanding its retail footprint, which is a common strategy in the beauty and cosmetics industry. The overall market for beauty products continues to show growth, driven by increasing consumer interest in personal care and wellness. Additionally, many retailers are focusing on optimizing their inventory management practices to enhance efficiency and meet evolving consumer demands in a competitive landscape.",Alternative_Context,AVI_Approved_Talking_Points_Ulta Beauty
doc_140,"Ulta Beauty has been actively engaging in stock repurchase programs as part of its capital allocation strategy, which is a common practice among retail companies to enhance shareholder value. In general, many companies in the beauty and cosmetics sector are focusing on returning capital to shareholders amid robust demand for beauty products and services, driven by post-pandemic consumer spending trends. Additionally, analysts are observing that firms that effectively manage their cash flow tend to reinvest in growth initiatives while also returning funds to shareholders through buybacks and dividends.",Alternative_Context,AVI_Approved_Talking_Points_Ulta Beauty
doc_141,"In recent years, the beauty retail industry has experienced shifting labor costs driven by rising minimum wage laws and increased competition for skilled workers. As companies like Ulta Beauty adapt to these changes, many are focusing on optimizing their operational efficiencies and implementing technology-driven solutions to manage costs. Industry benchmarks indicate a trend toward investing in employee training and engagement, which can enhance productivity and overall sales performance.",Alternative_Context,AVI_Approved_Talking_Points_Ulta Beauty
doc_142,"In FY 2021, the telecommunications industry saw an increased reliance on various financial instruments, including derivatives, to mitigate risks associated with foreign currency and interest rate fluctuations. Market trends indicate that companies are increasingly adopting hedging strategies to manage volatility, which can be influenced by global economic conditions and regulatory environments. Understanding these broader industry practices can provide insights into how firms like Verizon navigate financial uncertainties.",Alternative_Context,AVI_Approved_Talking_Points_Verizon
doc_143,"Verizon, like many companies in the telecommunications sector, is actively managing its obligations related to retiree benefits amidst changing regulatory landscapes and market conditions. The industry has seen a trend toward increased focus on pension funding and healthcare costs as companies balance current operational needs with long-term liabilities. In light of this, many organizations are exploring strategies to optimize their benefit plans while ensuring compliance with evolving regulations and maintaining financial health.",Alternative_Context,AVI_Approved_Talking_Points_Verizon
doc_144,"Verizon operates in a competitive telecommunications industry, where liquidity and financial metrics are crucial for maintaining operational stability and investment potential. Industry trends indicate that companies are increasingly focusing on robust liquidity management, particularly in light of rising interest rates and economic uncertainties. Typically, telecom companies aim for a quick ratio above 1.0 to ensure they can meet short-term obligations, although variations can exist based on individual business strategies and market conditions.",Alternative_Context,AVI_Approved_Talking_Points_Verizon
doc_145,"The telecommunications industry is generally characterized by high capital expenditure due to the significant investment required in infrastructure, technology upgrades, and network expansion. Analysts often evaluate capital intensity as a critical factor when assessing companies in this sector, as it directly impacts financial performance and operational efficiency. Industry trends indicate a focus on enhancing 5G networks, which may further influence capital investment strategies among major players.",Alternative_Context,AVI_Approved_Talking_Points_Verizon
doc_146,"Verizon has been actively focusing on optimizing its capital structure and managing financial performance in a competitive telecommunications landscape. Industry trends indicate that major telecom companies are navigating shifts in consumer demand and increasing competition, particularly in areas such as 5G deployment and broadband expansion. As a result, many firms in the sector are reevaluating their investment strategies and financial metrics to enhance operational efficiency and long-term growth prospects.",Alternative_Context,AVI_Approved_Talking_Points_Verizon
doc_147,"In the retail industry, days payable outstanding (DPO) is an important metric that reflects how efficiently a company manages its payables. Generally, larger retailers like Walmart tend to have lower DPO due to their strong negotiating power with suppliers, which allows them to maintain favorable payment terms. Additionally, industry benchmarks indicate that many retailers aim for a DPO in the range of 30 to 60 days, depending on their supply chain strategies and inventory management practices.",Alternative_Context,AVI_Approved_Talking_Points_Walmart
doc_148,"Walmart's overall financial performance is influenced by various factors, including consumer spending trends and operational efficiency. In the retail sector, many companies are focusing on enhancing their e-commerce capabilities and optimizing supply chain logistics to improve margins. Analysts note that the industry is experiencing shifts due to changing consumer preferences, with a growing emphasis on online shopping and sustainability initiatives, which could impact future operating income metrics across the sector.",Alternative_Context,AVI_Approved_Talking_Points_Walmart
doc_149,"Walmart has consistently focused on enhancing its operational efficiency and cost management strategies, which are crucial for maintaining strong profit margins in a competitive retail landscape. Recent trends in the retail industry indicate a growing emphasis on e-commerce integration and supply chain optimization, which have been key drivers of revenue growth and margin improvements for major players. Additionally, analysts have observed that retail EBITDA margins can vary significantly across different segments, highlighting the importance of sector-specific dynamics in evaluating financial performance.",Alternative_Context,AVI_Approved_Talking_Points_Walmart
